Time,Last Pit
20,0.3333333333333333
40,0.6666666666666666
60,1.0
80,1.3333333333333333
100,1.6666666666666667
120,2.0
140,2.3333333333333335
160,2.6666666666666665
180,3.0
200,3.3333333333333335
220,3.6666666666666665
240,4.0
260,4.333333333333333
280,4.666666666666667
300,5.0
320,5.333333333333333
340,5.666666666666667
360,6.0
380,6.333333333333333
400,6.666666666666667
420,7.0
440,7.333333333333333
460,7.666666666666667
480,8.0
500,8.333333333333334
520,8.666666666666666
540,9.0
560,9.333333333333334
580,9.666666666666666
600,10.0
620,10.333333333333334
640,10.666666666666666
660,11.0
680,11.333333333333334
700,11.666666666666666
720,12.0
740,12.333333333333334
760,12.666666666666666
780,13.0
800,13.333333333333334
820,13.666666666666666
840,14.0
860,14.333333333333334
880,14.666666666666666
900,15.0
920,15.333333333333334
940,15.666666666666666
960,16.0
980,16.333333333333332
1000,16.666666666666668
1020,17.0
1040,17.333333333333332
1060,17.666666666666668
1080,18.0
1100,18.333333333333332
1120,18.666666666666668
1140,19.0
1160,19.333333333333332
1180,19.666666666666668
1200,20.0
1220,20.333333333333332
1240,20.666666666666668
1260,21.0
1280,21.333333333333332
1300,21.666666666666668
1320,22.0
1340,22.333333333333332
1360,22.666666666666668
1380,23.0
1400,23.333333333333332
1420,23.666666666666668
1440,24.0
1460,24.333333333333332
1480,24.666666666666668
1500,25.0
1520,25.333333333333332
1540,25.666666666666668
1560,26.0
1580,26.333333333333332
1600,26.666666666666668
1620,27.0
1640,27.333333333333332
1660,27.666666666666668
1680,28.0
1700,28.333333333333332
1720,28.666666666666668
1740,29.0
1760,29.333333333333332
1780,29.666666666666668
1800,30.0
1820,30.333333333333332
1840,30.666666666666668
1860,31.0
1880,31.333333333333332
1900,31.666666666666668
1920,32.0
1940,32.333333333333336
1960,32.666666666666664
1980,33.0
2000,33.333333333333336
2020,33.666666666666664
2040,34.0
2060,34.333333333333336
2080,34.666666666666664
2100,35.0
2120,35.333333333333336
2140,35.666666666666664
2160,36.0
2180,36.333333333333336
2200,36.666666666666664
2220,37.0
2240,37.333333333333336
2260,37.666666666666664
2280,38.0
2300,38.333333333333336
2320,38.666666666666664
2340,39.0
2360,39.333333333333336
2380,39.666666666666664
2400,40.0
2420,40.333333333333336
2440,40.666666666666664
2460,41.0
2480,41.333333333333336
2500,41.666666666666664
2520,42.0
2540,42.333333333333336
2560,42.666666666666664
2580,43.0
2600,43.333333333333336
2620,43.666666666666664
2640,44.0
2660,44.333333333333336
2680,44.666666666666664
2700,45.0
2720,45.333333333333336
2740,45.666666666666664
2760,46.0
2780,46.333333333333336
2800,46.666666666666664
2820,47.0
2840,47.333333333333336
2860,47.666666666666664
2880,48.0
2900,48.333333333333336
2920,48.666666666666664
2940,49.0
2960,49.333333333333336
2980,49.666666666666664
3000,50.0
3020,50.333333333333336
3040,30.5054
3060,30.838733333333334
3080,31.17206666666667
3100,31.5054
3120,31.838733333333334
3140,32.172066666666666
3160,32.5054
3180,32.83873333333334
3200,33.172066666666666
3220,33.5054
3240,33.502316666666665
3260,33.83565
3280,34.16898333333334
3300,34.502316666666665
3320,34.83565
3340,35.16898333333334
3360,35.502316666666665
3380,35.83565
3400,36.16898333333334
3420,36.502316666666665
3440,36.83565
3460,37.16898333333334
3480,37.502316666666665
3500,37.83565
3520,38.16898333333334
3540,38.502316666666665
3560,38.83565
3580,39.16898333333334
3600,39.502316666666665
3620,39.83565
3640,40.16898333333334
3660,40.502316666666665
3680,40.83565
3700,41.16898333333334
3720,41.502316666666665
3740,41.83565
3760,42.16898333333334
3780,42.502316666666665
3800,42.83565
3820,43.16898333333334
3840,43.502316666666665
3860,43.83565
3880,44.16898333333334
3900,44.502316666666665
3920,44.83565
3940,45.16898333333334
3960,45.502316666666665
3980,45.83565
4000,46.16898333333334
4020,46.502316666666665
4040,46.83565
4060,47.16898333333334
4080,47.502316666666665
4100,47.83565
4120,48.16898333333334
4140,48.502316666666665
4160,48.83565
4180,49.16898333333334
4200,49.502316666666665
4220,49.83565
4240,50.16898333333334
4260,32.19775
4280,32.53108333333333
4300,32.86441666666666
4320,33.19775
4340,33.53108333333333
4360,33.86441666666666
4380,34.19775
4400,34.53108333333333
4420,34.86441666666666
4440,35.19775
4460,35.53108333333333
4480,35.86441666666666
4500,36.19775
4520,36.53108333333333
4540,36.86441666666666
4560,37.19775
4580,37.53108333333333
4600,37.86441666666666
4620,38.19775
4640,38.53108333333333
4660,38.86441666666666
4680,39.19775
4700,39.53108333333333
4720,39.86441666666666
4740,40.19775
4760,40.53108333333333
4780,40.86441666666666
4800,41.19775
4820,41.53108333333333
4840,41.86441666666666
4860,42.19775
4880,42.53108333333333
4900,42.86441666666666
4920,43.19775
4940,43.53108333333333
4960,43.86441666666666
4980,44.19775
5000,44.53108333333333
5020,44.86441666666666
5040,45.19775
5060,45.53108333333333
5080,45.86441666666666
5100,46.19775
5120,46.53108333333333
5140,46.86441666666666
5160,47.19775
5180,47.53108333333333
5200,47.86441666666666
5220,48.19775
5240,48.53108333333333
5260,48.86441666666666
5280,49.19775
5300,49.53108333333333
5320,49.86441666666666
5340,50.19775
5360,50.53108333333333
5380,50.86441666666666
5400,51.19775
5420,51.53108333333333
5440,51.86441666666666
5460,52.19775
5480,52.53108333333333
5500,52.86441666666666
5520,53.19775
5540,53.53108333333333
5560,53.86441666666666
5580,54.19775
5600,54.53108333333333
5620,54.86441666666666
5640,55.19775
5660,55.53108333333333
5680,55.86441666666666
5700,56.19775
5720,56.53108333333333
5740,56.86441666666666
5760,57.19775
5780,51.346133333333334
5800,51.67946666666667
5820,52.0128
5840,52.346133333333334
5860,52.67946666666667
5880,51.6873
5900,52.02063333333333
5920,52.353966666666665
5940,52.6873
5960,53.02063333333333
5980,53.353966666666665
6000,53.6873
6020,54.02063333333333
6040,54.353966666666665
6060,54.6873
6080,55.02063333333333
6100,55.353966666666665
6120,55.6873
6140,56.02063333333333
6160,56.353966666666665
6180,56.6873
6200,57.02063333333333
6220,57.353966666666665
6240,57.6873
6260,58.02063333333333
6280,58.353966666666665
6300,58.6873
6320,59.02063333333333
6340,59.353966666666665
6360,59.6873
6380,60.02063333333333
6400,60.353966666666665
6420,60.6873
6440,61.02063333333333
6460,61.353966666666665
6480,61.6873
6500,59.60471666666667
6520,55.988150000000005
6540,56.32148333333334
6560,56.65481666666667
6580,56.988150000000005
6600,57.32148333333334
6620,57.65481666666667
6640,57.988150000000005
6660,58.32148333333334
6680,58.65481666666667
6700,58.988150000000005
6720,59.32148333333334
6740,59.65481666666667
6760,32.88245
6780,33.215783333333334
6800,33.54911666666667
6820,33.88245
6840,34.215783333333334
6860,34.54911666666667
6880,34.88245
6900,35.215783333333334
6920,35.54911666666667
6940,35.88245
6960,36.215783333333334
6980,36.54911666666667
7000,36.88245
7020,37.215783333333334
7040,37.54911666666667
7060,37.88245
7080,38.215783333333334
7100,38.54911666666667
7120,38.88245
7140,39.215783333333334
7160,39.54911666666667
7180,39.88245
7200,40.215783333333334
7220,40.54911666666667
7240,40.88245
7260,41.215783333333334
7280,41.54911666666667
7300,41.88245
7320,42.215783333333334
7340,42.54911666666667
7360,42.88245
7380,43.215783333333334
7400,43.54911666666667
7420,43.88245
7440,44.215783333333334
7460,44.54911666666667
7480,44.88245
7500,45.215783333333334
7520,45.54911666666667
7540,45.88245
7560,46.215783333333334
7580,46.54911666666667
7600,46.88245
7620,47.215783333333334
7640,47.54911666666667
7660,47.88245
7680,48.215783333333334
7700,48.54911666666667
7720,48.88245
7740,49.215783333333334
7760,49.54911666666667
7780,49.88245
7800,50.215783333333334
7820,50.54911666666667
7840,50.88245
7860,51.215783333333334
7880,51.54911666666667
7900,51.88245
7920,52.215783333333334
7940,52.54911666666667
7960,52.88245
7980,53.215783333333334
8000,53.54911666666667
8020,53.88245
8040,54.215783333333334
8060,54.54911666666667
8080,54.88245
8100,41.864716666666666
8120,42.198049999999995
8140,42.53138333333333
8160,42.864716666666666
8180,43.198049999999995
8200,43.53138333333333
8220,43.864716666666666
8240,44.198049999999995
8260,44.53138333333333
8280,44.864716666666666
8300,45.198049999999995
8320,45.53138333333333
8340,45.864716666666666
8360,46.198049999999995
8380,46.53138333333333
8400,46.864716666666666
8420,47.198049999999995
8440,47.53138333333333
8460,47.864716666666666
8480,48.198049999999995
8500,48.53138333333333
8520,48.864716666666666
8540,49.198049999999995
8560,49.53138333333333
8580,49.864716666666666
8600,50.198049999999995
8620,50.53138333333333
8640,50.864716666666666
8660,51.198049999999995
8680,51.53138333333333
8700,51.864716666666666
8720,52.198049999999995
8740,52.53138333333333
8760,52.864716666666666
8780,53.198049999999995
8800,53.53138333333333
8820,53.864716666666666
8840,54.198049999999995
8860,54.53138333333333
8880,54.864716666666666
8900,55.198049999999995
8920,55.53138333333333
8940,55.864716666666666
8960,56.198049999999995
8980,56.53138333333333
9000,56.864716666666666
9020,57.198049999999995
9040,57.53138333333333
9060,57.864716666666666
9080,58.198049999999995
9100,58.53138333333333
9120,58.864716666666666
9140,59.198049999999995
9160,59.53138333333333
9180,56.72736666666666
9200,57.0607
9220,57.39403333333333
9240,57.72736666666666
9260,58.0607
9280,58.39403333333333
9300,58.72736666666666
9320,59.0607
9340,59.39403333333333
9360,59.72736666666666
9380,60.0607
9400,60.39403333333333
9420,60.72736666666666
9440,61.0607
9460,61.39403333333333
9480,61.72736666666666
9500,60.34253333333333
9520,60.675866666666664
9540,61.00919999999999
9560,61.34253333333333
9580,61.675866666666664
9600,62.00919999999999
9620,62.34253333333333
9640,62.675866666666664
9660,63.00919999999999
9680,63.34253333333333
9700,63.675866666666664
9720,64.00919999999999
9740,53.815650000000005
9760,54.14898333333334
9780,54.48231666666667
9800,54.815650000000005
9820,55.14898333333334
9840,55.48231666666667
9860,55.815650000000005
9880,56.14898333333334
9900,56.48231666666667
9920,56.815650000000005
9940,57.14898333333334
9960,57.48231666666667
9980,57.815650000000005
10000,58.14898333333334
10020,58.48231666666667
10040,58.815650000000005
10060,59.14898333333334
10080,59.48231666666667
10100,59.815650000000005
10120,60.14898333333334
10140,60.48231666666667
10160,60.73760000000001
10180,61.070933333333336
10200,61.40426666666667
10220,61.73760000000001
10240,62.070933333333336
10260,62.40426666666667
10280,62.73760000000001
10300,63.070933333333336
10320,63.40426666666667
10340,63.73760000000001
10360,64.07093333333334
10380,24.86908333333334
10400,25.202416666666675
10420,25.535750000000007
10440,25.86908333333334
10460,26.202416666666675
10480,26.535750000000007
10500,26.86908333333334
10520,27.202416666666675
10540,27.535750000000007
10560,27.86908333333334
10580,28.202416666666675
10600,28.535750000000007
10620,28.86908333333334
10640,19.814083333333322
10660,20.147416666666654
10680,20.48074999999999
10700,20.814083333333322
10720,21.147416666666654
10740,21.48074999999999
10760,21.814083333333322
10780,22.147416666666654
10800,22.48074999999999
10820,22.814083333333322
10840,23.147416666666654
10860,23.48074999999999
10880,23.814083333333322
10900,24.147416666666654
10920,24.48074999999999
10940,24.814083333333322
10960,25.147416666666654
10980,25.48074999999999
11000,25.814083333333322
11020,26.147416666666654
11040,26.48074999999999
11060,26.814083333333322
11080,27.147416666666654
11100,27.48074999999999
11120,27.814083333333322
11140,28.147416666666654
11160,28.48074999999999
11180,28.814083333333322
11200,29.147416666666654
11220,29.48074999999999
11240,29.814083333333322
11260,30.147416666666654
11280,30.48074999999999
11300,30.814083333333322
11320,31.147416666666654
11340,31.48074999999999
11360,31.814083333333322
11380,32.14741666666666
11400,32.480749999999986
11420,32.81408333333332
11440,33.14741666666666
11460,33.480749999999986
11480,33.81408333333332
11500,34.14741666666666
11520,34.480749999999986
11540,34.81408333333332
11560,35.14741666666666
11580,35.480749999999986
11600,35.81408333333332
11620,36.14741666666666
11640,36.480749999999986
11660,36.81408333333332
11680,37.14741666666666
11700,37.480749999999986
11720,37.81408333333332
11740,38.14741666666666
11760,38.480749999999986
11780,38.81408333333332
11800,39.14741666666666
11820,39.480749999999986
11840,39.81408333333332
11860,40.14741666666666
11880,40.480749999999986
11900,40.81408333333332
11920,41.14741666666666
11940,41.480749999999986
11960,41.81408333333332
11980,42.14741666666666
12000,42.480749999999986
12020,42.81408333333332
12040,43.14741666666666
12060,43.480749999999986
12080,43.81408333333332
12100,44.14741666666666
12120,44.480749999999986
12140,44.81408333333332
12160,45.14741666666666
12180,45.480749999999986
12200,45.81408333333332
12220,46.14741666666666
12240,46.480749999999986
12260,46.81408333333332
12280,47.14741666666666
12300,47.480749999999986
12320,47.81408333333332
12340,48.14741666666666
12360,48.480749999999986
12380,48.81408333333332
12400,49.14741666666666
12420,49.480749999999986
12440,49.81408333333332
12460,50.14741666666666
12480,50.480749999999986
12500,50.81408333333332
12520,51.14741666666666
12540,51.480749999999986
12560,51.81408333333332
12580,52.14741666666666
12600,52.480749999999986
12620,52.81408333333332
12640,53.14741666666666
12660,53.480749999999986
12680,53.81408333333332
12700,54.14741666666666
12720,54.480749999999986
12740,54.81408333333332
12760,55.14741666666666
12780,55.480749999999986
12800,55.81408333333332
12820,56.14741666666666
12840,56.480749999999986
12860,56.81408333333332
12880,57.14741666666666
12900,57.480749999999986
12920,57.81408333333332
12940,58.14741666666666
12960,58.480749999999986
12980,58.81408333333332
13000,59.14741666666666
13020,59.480749999999986
13040,59.81408333333332
13060,60.14741666666666
13080,60.480749999999986
13100,56.5884
13120,56.921733333333336
13140,57.25506666666667
13160,57.5884
13180,57.921733333333336
13200,58.25506666666667
13220,58.5884
13240,58.921733333333336
13260,59.033133333333325
13280,59.36646666666665
13300,59.69979999999999
13320,60.033133333333325
13340,60.36646666666665
13360,60.2515
13380,60.584833333333336
13400,60.91816666666667
13420,61.2515
13440,61.584833333333336
13460,61.91816666666667
13480,62.2515
13500,62.584833333333336
13520,52.48143333333334
13540,52.81476666666667
13560,53.14810000000001
13580,53.48143333333334
13600,53.81476666666667
13620,54.14810000000001
13640,54.48143333333334
13660,54.81476666666667
13680,55.14810000000001
13700,55.48143333333334
13720,55.81476666666667
13740,56.14810000000001
13760,56.48143333333334
13780,56.81476666666667
13800,57.14810000000001
13820,52.8247
13840,53.158033333333336
13860,53.491366666666664
13880,53.8247
13900,54.158033333333336
13920,54.491366666666664
13940,54.8247
13960,55.158033333333336
13980,55.491366666666664
14000,55.8247
14020,56.158033333333336
14040,56.491366666666664
14060,56.8247
14080,57.158033333333336
14100,57.491366666666664
14120,57.8247
14140,58.158033333333336
14160,58.491366666666664
14180,58.8247
14200,59.158033333333336
14220,59.491366666666664
14240,59.8247
14260,60.158033333333336
14280,60.491366666666664
14300,60.8247
14320,33.87385000000001
14340,34.20718333333334
14360,34.540516666666676
14380,34.87385000000001
14400,35.20718333333334
14420,35.540516666666676
14440,35.87385000000001
14460,36.20718333333334
14480,36.540516666666676
14500,36.87385000000001
14520,37.20718333333334
14540,37.540516666666676
14560,37.87385000000001
14580,38.20718333333334
14600,38.540516666666676
14620,38.87385000000001
14640,39.20718333333334
14660,39.540516666666676
14680,39.87385000000001
14700,40.20718333333334
14720,40.540516666666676
14740,27.251383333333344
14760,27.584716666666676
14780,27.918050000000008
14800,28.251383333333344
14820,28.584716666666676
14840,28.918050000000008
14860,29.251383333333344
14880,29.584716666666676
14900,29.918050000000008
14920,30.251383333333344
14940,30.584716666666676
14960,30.918050000000008
14980,31.251383333333344
15000,31.584716666666676
15020,31.918050000000008
15040,32.251383333333344
15060,32.58471666666667
15080,32.91805000000001
15100,33.251383333333344
15120,33.58471666666667
15140,33.91805000000001
15160,34.251383333333344
15180,34.58471666666667
15200,34.91805000000001
15220,35.251383333333344
15240,35.58471666666667
15260,35.91805000000001
15280,36.251383333333344
15300,36.58471666666667
15320,36.91805000000001
15340,37.251383333333344
15360,37.58471666666667
15380,37.91805000000001
15400,38.251383333333344
15420,38.58471666666667
15440,38.91805000000001
15460,39.251383333333344
15480,39.58471666666667
15500,39.91805000000001
15520,40.251383333333344
15540,40.58471666666667
15560,40.91805000000001
15580,41.251383333333344
15600,41.58471666666667
15620,41.91805000000001
15640,42.251383333333344
15660,42.58471666666667
15680,42.91805000000001
15700,43.251383333333344
15720,43.58471666666667
15740,43.91805000000001
15760,44.251383333333344
15780,44.58471666666667
15800,44.91805000000001
15820,45.251383333333344
15840,45.58471666666667
15860,45.91805000000001
15880,46.251383333333344
15900,46.58471666666667
15920,46.91805000000001
15940,47.251383333333344
15960,47.58471666666667
15980,47.91805000000001
16000,48.251383333333344
16020,48.58471666666667
16040,48.91805000000001
16060,49.251383333333344
16080,49.58471666666667
16100,49.91805000000001
16120,50.251383333333344
16140,50.58471666666667
16160,50.91805000000001
16180,51.251383333333344
16200,51.58471666666667
16220,51.91805000000001
16240,52.251383333333344
16260,52.58471666666667
16280,52.91805000000001
16300,53.251383333333344
16320,53.58471666666667
16340,53.91805000000001
16360,54.251383333333344
16380,54.58471666666667
16400,54.91805000000001
16420,55.251383333333344
16440,55.58471666666667
16460,55.91805000000001
16480,56.251383333333344
16500,56.58471666666667
16520,56.91805000000001
16540,57.251383333333344
16560,57.58471666666667
16580,57.91805000000001
16600,54.63265000000001
16620,54.96598333333335
16640,55.29931666666668
16660,55.63265000000001
16680,55.96598333333335
16700,56.29931666666668
16720,56.63265000000001
16740,56.96598333333335
16760,57.29931666666668
16780,57.63265000000001
16800,57.96598333333335
16820,58.29931666666668
16840,58.63265000000001
16860,58.96598333333335
16880,59.29931666666668
16900,59.63265000000001
16920,59.96598333333335
16940,60.29931666666668
16960,60.63265000000001
16980,60.96598333333335
17000,61.29931666666668
17020,61.63265000000001
17040,61.96598333333335
17060,62.29931666666668
17080,61.33645
17100,61.669783333333335
17120,62.00311666666666
17140,62.33645
17160,62.669783333333335
17180,63.00311666666666
17200,63.33645
17220,63.669783333333335
17240,64.00311666666667
17260,64.33645
17280,63.780133333333346
17300,64.11346666666668
17320,64.44680000000001
17340,64.78013333333335
17360,65.11346666666668
17380,64.55126666666665
17400,64.88459999999999
17420,65.21793333333332
17440,65.55126666666665
17460,65.88459999999999
17480,66.21793333333332
17500,66.55126666666665
17520,66.88459999999999
17540,67.21793333333332
17560,67.55126666666665
17580,67.88459999999999
17600,68.21793333333332
17620,65.46595
17640,65.79928333333334
17660,66.13261666666668
17680,66.46595
17700,66.79928333333334
17720,67.13261666666668
17740,67.46595
17760,67.79928333333334
17780,68.13261666666668
17800,68.46595
17820,68.79928333333334
17840,69.13261666666668
17860,55.51450000000001
17880,46.783983333333346
17900,47.117316666666675
17920,47.45065000000001
17940,47.783983333333346
17960,48.117316666666675
17980,48.45065000000001
18000,48.783983333333346
18020,49.117316666666675
18040,49.45065000000001
18060,49.783983333333346
18080,50.117316666666675
18100,50.45065000000001
18120,50.783983333333346
18140,51.117316666666675
18160,51.45065000000001
18180,51.783983333333346
18200,52.117316666666675
18220,52.45065000000001
18240,52.783983333333346
18260,53.117316666666675
18280,53.45065000000001
18300,53.783983333333346
18320,54.117316666666675
18340,54.45065000000001
18360,54.783983333333346
18380,55.117316666666675
18400,29.98594999999999
18420,30.31928333333332
18440,30.652616666666653
18460,30.98594999999999
18480,31.31928333333332
18500,31.652616666666653
18520,31.98594999999999
18540,32.319283333333324
18560,32.48291666666664
18580,32.816249999999975
18600,33.14958333333331
18620,33.48291666666664
18640,33.816249999999975
18660,34.14958333333331
18680,34.48291666666664
18700,34.816249999999975
18720,35.14958333333331
18740,35.48291666666664
18760,35.816249999999975
18780,36.14958333333331
18800,36.48291666666664
18820,36.816249999999975
18840,37.14958333333331
18860,37.48291666666664
18880,37.816249999999975
18900,38.14958333333331
18920,38.48291666666664
18940,38.816249999999975
18960,39.14958333333331
18980,39.48291666666664
19000,39.816249999999975
19020,40.14958333333331
19040,40.48291666666664
19060,40.816249999999975
19080,41.14958333333331
19100,41.48291666666664
19120,41.816249999999975
19140,42.14958333333331
19160,42.48291666666664
19180,42.816249999999975
19200,43.14958333333331
19220,43.48291666666664
19240,43.816249999999975
19260,44.14958333333331
19280,44.48291666666664
19300,44.816249999999975
19320,45.14958333333331
19340,45.48291666666664
19360,45.816249999999975
19380,46.14958333333331
19400,46.48291666666664
19420,46.816249999999975
19440,47.14958333333331
19460,47.48291666666664
19480,47.816249999999975
19500,48.14958333333331
19520,40.88338333333334
19540,41.21671666666668
19560,41.55005000000001
19580,41.88338333333334
19600,42.21671666666668
19620,42.55005000000001
19640,42.88338333333334
19660,43.21671666666668
19680,43.55005000000001
19700,43.88338333333334
19720,44.21671666666668
19740,44.55005000000001
19760,44.88338333333334
19780,45.21671666666668
19800,45.55005000000001
19820,45.88338333333334
19840,46.21671666666668
19860,46.55005000000001
19880,46.88338333333334
19900,47.21671666666668
19920,47.55005000000001
19940,47.88338333333334
19960,48.21671666666668
19980,48.55005000000001
20000,48.88338333333334
20020,49.21671666666668
20040,48.55211666666667
20060,48.885450000000006
20080,49.21878333333334
20100,49.55211666666667
20120,49.885450000000006
20140,50.21878333333334
20160,50.55211666666667
20180,50.885450000000006
20200,51.21878333333334
20220,51.55211666666667
20240,51.885450000000006
20260,49.56744999999998
20280,49.90078333333331
20300,50.234116666666644
20320,50.56744999999998
20340,50.90078333333331
20360,51.17561666666667
20380,48.841683333333336
20400,49.17501666666667
20420,49.50835
20440,49.841683333333336
20460,50.17501666666667
20480,49.94408333333334
20500,50.277416666666674
20520,50.61075000000001
20540,50.94408333333334
20560,51.277416666666674
20580,51.61075000000001
20600,51.94408333333334
20620,52.277416666666674
20640,52.61075000000001
20660,52.94408333333334
20680,53.277416666666674
20700,53.61075000000001
20720,53.94408333333334
20740,54.277416666666674
20760,54.61075000000001
20780,54.94408333333334
20800,55.277416666666674
20820,55.61075000000001
20840,55.94408333333334
20860,56.277416666666674
20880,56.61075000000001
20900,56.94408333333334
20920,57.277416666666674
20940,57.61075000000001
20960,57.94408333333334
20980,58.277416666666674
21000,58.61075000000001
21020,58.94408333333334
21040,59.277416666666674
21060,59.61075000000001
21080,59.94408333333334
21100,60.277416666666674
21120,60.61075000000001
21140,60.94408333333334
21160,61.277416666666674
21180,61.61075000000001
21200,61.94408333333334
21220,56.614266666666666
21240,56.947599999999994
21260,57.28093333333333
21280,57.614266666666666
21300,57.947599999999994
21320,58.28093333333333
21340,58.614266666666666
21360,58.947599999999994
21380,59.28093333333333
21400,59.614266666666666
21420,59.947599999999994
21440,60.28093333333333
21460,60.614266666666666
21480,60.947599999999994
21500,51.55169999999998
21520,51.88503333333332
21540,52.21836666666665
21560,52.55169999999998
21580,52.88503333333332
21600,53.21836666666665
21620,53.55169999999998
21640,53.88503333333332
21660,54.21836666666665
21680,54.55169999999998
21700,54.88503333333332
21720,55.21836666666665
21740,55.55169999999998
21760,55.88503333333332
21780,56.21836666666665
21800,56.55169999999998
21820,56.88503333333332
21840,57.21836666666665
21860,57.55169999999998
21880,57.88503333333332
21900,58.21836666666665
21920,58.55169999999998
21940,58.88503333333332
21960,59.21836666666665
21980,59.55169999999998
22000,59.88503333333332
22020,60.21836666666665
22040,60.55169999999998
22060,60.88503333333332
22080,61.21836666666665
22100,61.55169999999998
22120,61.88503333333332
22140,62.21836666666665
22160,62.55169999999998
22180,62.88503333333332
22200,63.21836666666665
22220,63.55169999999998
22240,63.88503333333332
22260,64.21836666666665
22280,64.55169999999998
22300,64.88503333333331
22320,65.21836666666665
22340,65.55169999999998
22360,65.88503333333331
22380,66.21836666666665
22400,66.55169999999998
22420,66.88503333333331
22440,67.21836666666665
22460,67.55169999999998
22480,67.88503333333331
22500,60.526649999999975
22520,60.859983333333304
22540,61.19331666666664
22560,61.526649999999975
22580,61.859983333333304
22600,60.85831666666666
22620,61.191649999999996
22640,61.52498333333333
22660,61.85831666666666
22680,62.191649999999996
22700,62.52498333333333
22720,62.85831666666666
22740,63.191649999999996
22760,63.52498333333333
22780,63.85831666666666
22800,64.19165
22820,64.52498333333332
22840,64.85831666666667
22860,65.19165
22880,65.52498333333332
22900,65.85831666666667
22920,66.19165
22940,66.52498333333332
22960,66.85831666666667
22980,67.19165
23000,67.52498333333332
23020,67.85831666666667
23040,68.19165
23060,68.52498333333332
23080,68.85831666666667
23100,69.19165
23120,69.52498333333332
23140,69.85831666666667
23160,70.19165
23180,70.52498333333332
23200,70.85831666666667
23220,71.19165
23240,71.52498333333332
23260,71.85831666666667
23280,72.19165
23300,72.52498333333332
23320,72.85831666666667
23340,73.19165
23360,73.52498333333332
23380,73.85831666666667
23400,74.19165
23420,74.52498333333332
23440,74.85831666666667
23460,75.19165
23480,75.52498333333332
23500,75.85831666666667
23520,76.19165
23540,76.52498333333332
23560,76.85831666666667
23580,77.19165
23600,77.52498333333332
23620,77.85831666666667
23640,78.19165
23660,78.52498333333332
23680,78.85831666666667
23700,79.19165
23720,79.52498333333332
23740,79.85831666666667
23760,80.19165
23780,80.52498333333332
23800,80.85831666666667
23820,81.19165
23840,81.52498333333332
23860,81.85831666666667
23880,82.19165
23900,82.52498333333332
23920,82.85831666666667
23940,83.19165
23960,83.52498333333332
23980,83.85831666666667
24000,84.19165
24020,84.52498333333332
24040,84.85831666666667
24060,85.19165
24080,85.52498333333332
24100,85.85831666666667
24120,86.19165
24140,86.52498333333332
24160,86.85831666666667
24180,87.19165
24200,87.52498333333332
24220,87.85831666666667
24240,88.19165
24260,88.52498333333332
24280,88.85831666666667
24300,89.19165
24320,89.52498333333332
24340,89.85831666666667
24360,90.19165
24380,90.52498333333332
24400,90.85831666666667
24420,91.19165
24440,91.52498333333332
24460,91.85831666666667
24480,92.19165
24500,92.52498333333332
24520,92.85831666666667
24540,93.19165
24560,93.52498333333332
24580,93.85831666666667
24600,94.19165
24620,94.52498333333332
24640,94.85831666666667
24660,95.19165
24680,95.52498333333332
24700,95.85831666666667
24720,96.19165
24740,96.52498333333332
24760,96.85831666666667
24780,97.19165
24800,97.52498333333332
24820,97.85831666666667
24840,98.19165
24860,98.52498333333332
24880,98.85831666666667
24900,99.19165
24920,99.52498333333332
24940,99.85831666666667
24960,100.19165
24980,100.52498333333332
25000,100.85831666666667
25020,101.19165
25040,101.52498333333332
25060,101.85831666666667
25080,102.19165
25100,102.52498333333332
25120,102.85831666666667
25140,103.19165
25160,103.52498333333332
25180,103.85831666666667
25200,104.19165
25220,104.52498333333332
25240,104.85831666666667
25260,105.19165
25280,105.52498333333332
25300,105.85831666666667
25320,106.19165
25340,106.52498333333332
25360,106.85831666666667
25380,107.19165
25400,107.52498333333332
25420,107.85831666666667
25440,108.19165
25460,108.52498333333332
25480,108.85831666666667
25500,109.19165
25520,109.52498333333332
25540,109.85831666666667
25560,110.19165
25580,110.52498333333332
25600,110.85831666666667
25620,111.19165
25640,111.52498333333332
25660,111.85831666666667
25680,112.19165
25700,112.52498333333332
25720,112.85831666666667
25740,113.19165
25760,113.52498333333332
25780,113.85831666666667
25800,114.19165
25820,114.52498333333332
25840,114.85831666666667
25860,115.19165
25880,115.52498333333332
25900,115.85831666666667
25920,116.19165
25940,116.52498333333332
25960,116.85831666666667
25980,117.19165
26000,117.52498333333332
26020,117.85831666666667
26040,118.19165
26060,118.52498333333332
26080,118.85831666666667
26100,119.19165
26120,119.52498333333332
26140,119.85831666666667
26160,120.19165
26180,120.52498333333332
26200,120.85831666666667
26220,121.19165
26240,121.52498333333332
26260,121.85831666666667
26280,122.19165
26300,122.52498333333332
26320,122.85831666666667
26340,123.19165
26360,123.52498333333332
26380,123.85831666666667
26400,124.19165
26420,124.52498333333332
26440,124.85831666666667
26460,125.19165
26480,125.52498333333332
26500,125.85831666666667
26520,126.19165
26540,126.52498333333332
26560,126.85831666666667
26580,127.19165
26600,127.52498333333332
26620,127.85831666666667
26640,128.19165
26660,128.52498333333332
26680,128.85831666666667
26700,129.19165
26720,129.52498333333332
26740,129.85831666666667
26760,130.19165
26780,130.52498333333332
26800,130.85831666666667
26820,131.19165
26840,131.52498333333332
26860,131.85831666666667
26880,132.19165
26900,132.52498333333332
26920,132.85831666666667
26940,133.19165
26960,133.52498333333332
26980,133.85831666666667
27000,134.19165
27020,134.52498333333332
27040,134.85831666666667
27060,135.19165
27080,135.52498333333332
27100,135.85831666666667
27120,136.19165
27140,136.52498333333332
27160,136.85831666666667
27180,137.19165
27200,137.52498333333332
27220,137.85831666666667
27240,138.19165
27260,138.52498333333332
27280,138.85831666666667
27300,139.19165
27320,139.52498333333332
27340,139.85831666666667
27360,140.19165
27380,140.52498333333332
27400,140.85831666666667
27420,141.19165
27440,141.52498333333332
27460,141.85831666666667
27480,142.19165
27500,142.52498333333332
27520,142.85831666666667
27540,143.19165
27560,143.52498333333332
27580,143.85831666666667
27600,144.19165
27620,144.52498333333332
27640,144.85831666666667
27660,145.19165
27680,145.52498333333332
27700,145.85831666666667
27720,146.19165
27740,146.52498333333332
27760,146.85831666666667
27780,147.19165
27800,147.52498333333332
27820,147.85831666666667
27840,148.19165
27860,148.52498333333332
27880,148.85831666666667
27900,149.19165
27920,149.52498333333332
27940,149.85831666666667
27960,150.19165
27980,150.52498333333332
28000,150.85831666666667
28020,151.19165
28040,151.52498333333332
28060,151.85831666666667
28080,152.19165
28100,152.52498333333332
28120,152.85831666666667
28140,153.19165
28160,153.52498333333332
28180,153.85831666666667
28200,154.19165
28220,154.52498333333332
28240,154.85831666666667
28260,155.19165
28280,155.52498333333332
28300,155.85831666666667
28320,156.19165
28340,156.52498333333332
28360,156.85831666666667
28380,157.19165
28400,157.52498333333332
28420,157.85831666666667
28440,158.19165
28460,158.52498333333332
28480,158.85831666666667
28500,159.19165
28520,159.52498333333332
28540,159.85831666666667
28560,160.19165
28580,160.52498333333332
28600,160.85831666666667
28620,161.19165
28640,161.52498333333332
28660,161.85831666666667
28680,38.05038333333335
28700,38.383716666666686
28720,38.717050000000015
28740,39.05038333333335
28760,39.383716666666686
28780,39.717050000000015
28800,40.05038333333335
28820,40.383716666666686
28840,40.717050000000015
28860,41.05038333333335
28880,41.383716666666686
28900,41.717050000000015
28920,42.05038333333335
28940,42.383716666666686
28960,42.717050000000015
28980,43.05038333333335
29000,43.383716666666686
29020,43.717050000000015
29040,44.05038333333335
29060,44.383716666666686
29080,44.717050000000015
29100,45.05038333333335
29120,45.383716666666686
29140,45.717050000000015
29160,46.05038333333335
29180,46.383716666666686
29200,46.717050000000015
29220,47.05038333333335
29240,47.383716666666686
29260,47.717050000000015
29280,48.05038333333335
29300,48.383716666666686
29320,48.717050000000015
29340,49.05038333333335
29360,49.383716666666686
29380,49.717050000000015
29400,50.05038333333335
29420,50.383716666666686
29440,50.717050000000015
29460,51.05038333333335
29480,51.383716666666686
29500,51.717050000000015
29520,52.05038333333335
29540,52.383716666666686
29560,52.717050000000015
29580,53.05038333333335
29600,53.383716666666686
29620,53.717050000000015
29640,54.05038333333335
29660,54.383716666666686
29680,54.717050000000015
29700,55.05038333333335
29720,26.854383333333317
29740,27.18771666666665
29760,27.521049999999985
29780,27.854383333333317
29800,28.18771666666665
29820,28.521049999999985
29840,28.854383333333317
29860,29.18771666666665
29880,29.521049999999985
29900,29.854383333333317
29920,30.18771666666665
29940,30.521049999999985
29960,30.854383333333317
29980,31.18771666666665
30000,31.521049999999985
30020,31.854383333333317
30040,32.18771666666665
30060,32.52104999999998
30080,32.85438333333332
30100,33.18771666666665
30120,33.52104999999998
30140,33.85438333333332
30160,34.18771666666665
30180,34.52104999999998
30200,34.85438333333332
30220,35.18771666666665
30240,35.52104999999998
30260,35.85438333333332
30280,36.18771666666665
30300,36.52104999999998
30320,36.85438333333332
30340,37.18771666666665
30360,37.52104999999998
30380,37.85438333333332
30400,38.18771666666665
30420,38.52104999999998
30440,38.85438333333332
30460,39.18771666666665
30480,39.52104999999998
30500,39.85438333333332
30520,40.18771666666665
30540,40.52104999999998
30560,40.85438333333332
30580,41.18771666666665
30600,41.52104999999998
30620,41.85438333333332
30640,42.18771666666665
30660,42.52104999999998
30680,42.85438333333332
30700,43.18771666666665
30720,43.52104999999998
30740,43.85438333333332
30760,44.18771666666665
30780,44.52104999999998
30800,44.85438333333332
30820,45.18771666666665
30840,45.52104999999998
30860,45.85438333333332
30880,46.18771666666665
30900,46.52104999999998
30920,46.85438333333332
30940,47.18771666666665
30960,47.52104999999998
30980,47.85438333333332
31000,48.18771666666665
31020,48.52104999999998
31040,48.85438333333332
31060,49.18771666666665
31080,49.52104999999998
31100,49.85438333333332
31120,50.18771666666665
31140,50.52104999999998
31160,50.85438333333332
31180,51.18771666666665
31200,51.52104999999998
31220,51.85438333333332
31240,52.18771666666665
31260,52.52104999999998
31280,52.85438333333332
31300,53.18771666666665
31320,53.52104999999998
31340,53.85438333333332
31360,54.18771666666665
31380,54.52104999999998
31400,54.85438333333332
31420,55.18771666666665
31440,55.52104999999998
31460,55.85438333333332
31480,56.18771666666665
31500,56.52104999999998
31520,56.85438333333332
31540,57.18771666666665
31560,57.52104999999998
31580,57.85438333333332
31600,58.18771666666665
31620,58.52104999999998
31640,58.85438333333332
31660,59.18771666666665
31680,59.52104999999998
31700,59.85438333333332
31720,60.18771666666665
31740,60.52104999999998
31760,60.85438333333332
31780,61.18771666666665
31800,61.52104999999998
31820,60.06848333333334
31840,60.401816666666676
31860,60.735150000000004
31880,61.06848333333334
31900,61.401816666666676
31920,61.735150000000004
31940,62.06848333333334
31960,62.401816666666676
31980,62.735150000000004
32000,59.116683333333334
32020,59.45001666666667
32040,59.783350000000006
32060,60.116683333333334
32080,60.45001666666667
32100,60.783350000000006
32120,61.116683333333334
32140,61.45001666666667
32160,61.783350000000006
32180,62.116683333333334
32200,62.45001666666667
32220,62.783350000000006
32240,46.434533333333334
32260,46.76786666666667
32280,47.1012
32300,47.434533333333334
32320,47.76786666666667
32340,48.1012
32360,48.434533333333334
32380,48.76786666666667
32400,49.1012
32420,49.434533333333334
32440,49.76786666666667
32460,50.1012
32480,50.434533333333334
32500,50.76786666666667
32520,51.1012
32540,51.434533333333334
32560,51.76786666666667
32580,52.1012
32600,52.434533333333334
32620,52.76786666666667
32640,53.1012
32660,53.434533333333334
32680,53.76786666666667
32700,54.1012
32720,54.434533333333334
32740,54.76786666666667
32760,55.1012
32780,55.434533333333334
32800,55.76786666666667
32820,56.1012
32840,56.434533333333334
32860,56.716283333333315
32880,57.04961666666665
32900,57.38294999999998
32920,57.716283333333315
32940,58.04961666666665
32960,58.38294999999998
32980,58.716283333333315
33000,55.395916666666686
33020,55.729250000000015
33040,56.06258333333335
33060,56.395916666666686
33080,56.729250000000015
33100,57.06258333333335
33120,57.395916666666686
33140,28.476133333333323
33160,28.809466666666655
33180,29.142799999999987
33200,29.476133333333323
33220,29.809466666666655
33240,30.142799999999987
33260,30.476133333333323
33280,30.809466666666655
33300,31.142799999999987
33320,31.476133333333323
33340,31.809466666666655
33360,32.14279999999999
33380,32.47613333333332
33400,32.80946666666666
33420,33.14279999999999
33440,30.141666666666666
33460,30.475
33480,30.808333333333334
33500,31.141666666666666
33520,31.475
33540,31.808333333333334
33560,32.141666666666666
33580,32.475
33600,32.80833333333333
33620,33.141666666666666
33640,33.475
33660,33.80833333333333
33680,32.983100000000015
33700,33.31643333333334
33720,33.64976666666668
33740,33.983100000000015
33760,34.31643333333334
33780,34.64976666666668
33800,34.983100000000015
33820,35.14771666666669
33840,34.90278333333335
33860,35.23611666666669
33880,35.569450000000025
33900,35.90278333333335
33920,36.23611666666669
33940,35.977433333333344
33960,36.31076666666668
33980,36.64410000000001
34000,36.977433333333344
34020,37.31076666666668
34040,37.64410000000001
34060,37.977433333333344
34080,38.31076666666668
34100,38.64410000000001
34120,38.977433333333344
34140,39.31076666666668
34160,39.64410000000001
34180,39.977433333333344
34200,40.31076666666668
34220,40.64410000000001
34240,40.977433333333344
34260,41.31076666666668
34280,41.64410000000001
34300,41.977433333333344
34320,42.31076666666668
34340,42.64410000000001
34360,42.977433333333344
34380,43.31076666666668
34400,43.64410000000001
34420,43.977433333333344
34440,44.31076666666668
34460,44.64410000000001
34480,44.977433333333344
34500,45.31076666666668
34520,45.64410000000001
34540,45.977433333333344
34560,46.31076666666668
34580,46.64410000000001
34600,46.977433333333344
34620,47.31076666666668
34640,47.64410000000001
34660,47.977433333333344
34680,48.31076666666668
34700,48.64410000000001
34720,48.977433333333344
34740,49.31076666666668
34760,49.64410000000001
34780,49.977433333333344
34800,50.31076666666668
34820,50.64410000000001
34840,50.47031666666668
34860,50.80365000000002
34880,51.13698333333335
34900,51.47031666666668
34920,51.17053333333333
34940,51.50386666666667
34960,51.8372
34980,52.17053333333333
35000,50.95776666666667
35020,51.29110000000001
35040,51.624433333333336
35060,51.539933333333344
35080,51.87326666666668
35100,52.20660000000001
35120,52.539933333333344
35140,52.87326666666668
35160,53.20660000000001
35180,53.539933333333344
35200,53.87326666666668
35220,49.61476666666665
35240,49.948099999999975
35260,50.28143333333331
35280,50.61476666666665
35300,50.948099999999975
35320,51.28143333333331
35340,51.61476666666665
35360,51.948099999999975
35380,52.28143333333331
35400,52.61476666666665
35420,52.948099999999975
35440,48.07895000000001
35460,48.41228333333335
35480,48.745616666666685
35500,49.07895000000001
35520,49.41228333333335
35540,49.745616666666685
35560,50.07895000000001
35580,50.41228333333335
35600,48.33248333333334
35620,48.66581666666668
35640,48.99915000000001
35660,49.33248333333334
35680,49.66581666666668
35700,49.568066666666645
35720,49.90139999999998
35740,50.23473333333332
35760,50.568066666666645
35780,50.90139999999998
35800,50.38931666666661
35820,50.722649999999945
35840,51.05598333333328
35860,51.08806666666666
35880,51.42139999999999
35900,51.75473333333333
35920,52.08806666666666
35940,52.42139999999999
35960,52.75473333333333
35980,53.08806666666666
36000,53.308566666666714
36020,53.30326666666672
36040,53.63660000000006
36060,52.98563333333332
36080,52.85003333333334
36100,53.18336666666667
36120,53.51670000000001
36140,53.85003333333334
36160,54.18336666666667
36180,54.51670000000001
36200,54.85003333333334
36220,38.87305000000003
36240,39.20638333333336
36260,39.53971666666669
36280,39.87305000000003
36300,40.20638333333336
36320,40.53971666666669
36340,40.87305000000003
36360,41.20638333333336
36380,41.53971666666669
36400,41.87305000000003
36420,42.20638333333336
36440,42.53971666666669
36460,42.87305000000003
36480,43.20638333333336
36500,43.53971666666669
36520,43.87305000000003
36540,44.20638333333336
36560,44.53971666666669
36580,44.87305000000003
36600,45.20638333333336
36620,45.53971666666669
36640,45.87305000000003
36660,46.20638333333336
36680,46.53971666666669
36700,46.87305000000003
36720,47.20638333333336
36740,47.53971666666669
36760,47.87305000000003
36780,48.20638333333336
36800,48.53971666666669
36820,48.87305000000003
36840,49.20638333333336
36860,49.53971666666669
36880,49.87305000000003
36900,50.20638333333336
36920,50.53971666666669
36940,50.87305000000003
36960,51.20638333333336
36980,51.53971666666669
37000,51.87305000000003
37020,36.476966666666705
37040,33.19784999999999
37060,33.53118333333332
37080,33.86451666666665
37100,34.19784999999999
37120,34.53118333333332
37140,34.86451666666665
37160,35.19784999999999
37180,35.53118333333332
37200,35.86451666666665
37220,36.19784999999999
37240,36.53118333333332
37260,36.86451666666665
37280,37.19784999999999
37300,37.53118333333332
37320,37.86451666666665
37340,38.19784999999999
37360,38.53118333333332
37380,38.86451666666665
37400,39.19784999999999
37420,39.53118333333332
37440,39.86451666666665
37460,40.19784999999999
37480,40.53118333333332
37500,40.86451666666665
37520,41.19784999999999
37540,41.53118333333332
37560,41.86451666666665
37580,42.19784999999999
37600,42.53118333333332
37620,42.86451666666665
37640,43.19784999999999
37660,43.53118333333332
37680,43.86451666666665
37700,44.19784999999999
37720,44.53118333333332
37740,44.86451666666665
37760,45.19784999999999
37780,45.53118333333332
37800,45.86451666666665
37820,46.19784999999999
37840,46.53118333333332
37860,46.86451666666665
37880,47.19784999999999
37900,47.53118333333332
37920,47.86451666666665
37940,48.19784999999999
37960,48.53118333333332
37980,48.86451666666665
38000,49.19784999999999
38020,49.53118333333332
38040,49.86451666666665
38060,50.19784999999999
38080,50.53118333333332
38100,50.86451666666665
38120,51.19784999999999
38140,51.53118333333332
38160,51.86451666666665
38180,52.19784999999999
38200,52.53118333333332
38220,52.86451666666665
38240,53.19784999999999
38260,53.53118333333332
38280,53.86451666666665
38300,54.19784999999999
38320,54.53118333333332
38340,54.86451666666665
38360,55.19784999999999
38380,55.53118333333332
38400,55.86451666666665
38420,56.19784999999999
38440,56.53118333333332
38460,56.86451666666665
38480,57.19784999999999
38500,57.53118333333332
38520,57.86451666666665
38540,58.19784999999999
38560,58.53118333333332
38580,58.86451666666665
38600,59.19784999999999
38620,59.53118333333332
38640,59.86451666666665
38660,60.19784999999999
38680,60.53118333333332
38700,60.86451666666665
38720,61.19784999999999
38740,61.53118333333332
38760,61.86451666666665
38780,62.19784999999999
38800,62.53118333333332
38820,59.95
38840,60.28333333333333
38860,60.61666666666667
38880,60.95
38900,61.28333333333333
38920,61.61666666666667
38940,61.95
38960,62.28333333333333
38980,62.61666666666667
39000,62.95
39020,63.28333333333333
39040,63.61666666666667
39060,57.58546666666662
39080,57.91879999999995
39100,58.25213333333328
39120,58.58546666666662
39140,58.91879999999995
39160,59.25213333333328
39180,59.58546666666662
39200,59.91879999999995
39220,60.25213333333328
39240,60.58546666666662
39260,60.91879999999995
39280,61.25213333333328
39300,61.58546666666662
39320,61.91879999999995
39340,62.25213333333328
39360,62.58546666666662
39380,62.91879999999995
39400,63.25213333333328
39420,63.58546666666662
39440,63.91879999999995
39460,64.25213333333328
39480,64.58546666666662
39500,64.91879999999995
39520,65.25213333333328
39540,65.58546666666662
39560,61.69019999999994
39580,62.023533333333276
39600,62.35686666666661
39620,61.80405000000004
39640,62.13738333333337
39660,62.4707166666667
39680,62.45748333333334
39700,62.79081666666668
39720,63.12415000000001
39740,63.45748333333334
39760,63.79081666666668
39780,62.5649
39800,62.89823333333334
39820,63.23156666666667
39840,63.5649
39860,63.89823333333334
39880,64.23156666666667
39900,64.56490000000001
39920,64.89823333333334
39940,65.23156666666667
39960,65.56490000000001
39980,65.89823333333334
40000,66.23156666666667
40020,66.56490000000001
40040,63.75336666666662
40060,64.08669999999996
40080,64.4200333333333
40100,64.75336666666662
40120,65.08669999999996
40140,65.4200333333333
40160,65.61478333333338
40180,65.9481166666667
40200,66.28145000000004
40220,66.61478333333338
40240,66.9481166666667
40260,54.02173333333327
40280,54.35506666666661
40300,54.68839999999994
40320,55.02173333333327
40340,55.35506666666661
40360,55.68839999999994
40380,56.02173333333327
40400,56.35506666666661
40420,56.68839999999994
40440,33.39328333333336
40460,26.383699999999955
40480,26.717033333333287
40500,27.05036666666662
40520,27.383699999999955
40540,27.717033333333287
40560,28.05036666666662
40580,28.383699999999955
40600,28.717033333333287
40620,29.05036666666662
40640,29.383699999999955
40660,29.717033333333287
40680,30.05036666666662
40700,30.383699999999955
40720,30.717033333333287
40740,31.05036666666662
40760,31.383699999999955
40780,31.717033333333287
40800,32.05036666666662
40820,32.383699999999955
40840,32.71703333333328
40860,33.05036666666662
40880,33.383699999999955
40900,33.71703333333328
40920,34.05036666666662
40940,34.383699999999955
40960,34.71703333333328
40980,35.05036666666662
41000,35.383699999999955
41020,35.71703333333328
41040,36.05036666666662
41060,36.383699999999955
41080,36.71703333333328
41100,37.05036666666662
41120,37.383699999999955
41140,37.71703333333328
41160,38.05036666666662
41180,38.383699999999955
41200,38.71703333333328
41220,39.05036666666662
41240,39.383699999999955
41260,39.71703333333328
41280,40.05036666666662
41300,40.383699999999955
41320,40.71703333333328
41340,41.05036666666662
41360,41.383699999999955
41380,41.71703333333328
41400,42.05036666666662
41420,42.383699999999955
41440,42.71703333333328
41460,43.05036666666662
41480,43.383699999999955
41500,43.71703333333328
41520,44.05036666666662
41540,44.383699999999955
41560,44.71703333333328
41580,45.05036666666662
41600,45.383699999999955
41620,45.71703333333328
41640,46.05036666666662
41660,46.383699999999955
41680,46.71703333333328
41700,47.05036666666662
41720,47.383699999999955
41740,47.71703333333328
41760,48.05036666666662
41780,48.383699999999955
41800,48.71703333333328
41820,49.05036666666662
41840,49.383699999999955
41860,49.71703333333328
41880,50.05036666666662
41900,50.383699999999955
41920,50.71703333333328
41940,51.05036666666662
41960,51.383699999999955
41980,51.71703333333328
42000,52.05036666666662
42020,49.165250000000015
42040,49.49858333333335
42060,49.83191666666668
42080,50.165250000000015
42100,50.49858333333335
42120,50.83191666666668
42140,51.165250000000015
42160,51.49858333333335
42180,51.83191666666668
42200,52.165250000000015
42220,52.49858333333335
42240,52.83191666666668
42260,53.165250000000015
42280,53.49858333333335
42300,46.245966666666696
42320,46.579300000000025
42340,46.91263333333336
42360,47.245966666666696
42380,47.579300000000025
42400,47.91263333333336
42420,48.245966666666696
42440,48.579300000000025
42460,48.91263333333336
42480,49.245966666666696
42500,49.579300000000025
42520,49.91263333333336
42540,50.245966666666696
42560,50.579300000000025
42580,50.91263333333336
42600,51.245966666666696
42620,51.579300000000025
42640,51.114566666666725
42660,51.447900000000054
42680,51.78123333333339
42700,52.114566666666725
42720,52.447900000000054
42740,52.78123333333339
42760,49.76438333333329
42780,50.09771666666663
42800,50.431049999999956
42820,50.76438333333329
42840,51.09771666666663
42860,51.431049999999956
42880,51.76438333333329
42900,52.09771666666663
42920,52.431049999999956
42940,52.76438333333329
42960,53.09771666666663
42980,53.173033333333294
43000,53.50636666666663
43020,53.839699999999965
43040,54.173033333333294
43060,54.50636666666663
43080,54.839699999999965
43100,55.173033333333294
43120,55.50636666666663
43140,55.839699999999965
43160,56.173033333333294
43180,56.50636666666663
43200,56.839699999999965
43220,57.173033333333294
43240,57.50636666666663
43260,57.839699999999965
43280,58.173033333333294
43300,58.50636666666663
43320,58.839699999999965
43340,59.173033333333294
43360,59.50636666666663
43380,59.839699999999965
43400,60.173033333333294
43420,60.50636666666663
43440,52.4254333333333
43460,52.75876666666663
43480,53.09209999999997
43500,53.4254333333333
43520,53.75876666666663
43540,54.09209999999997
43560,54.4254333333333
43580,54.75876666666663
43600,55.09209999999997
43620,55.4254333333333
43640,55.75876666666663
43660,56.09209999999997
43680,56.4254333333333
43700,56.75876666666663
43720,37.98468333333331
43740,38.31801666666664
43760,38.65134999999997
43780,38.98468333333331
43800,39.31801666666664
43820,39.65134999999997
43840,39.98468333333331
43860,40.31801666666664
43880,40.65134999999997
43900,40.98468333333331
43920,41.31801666666664
43940,41.65134999999997
43960,41.98468333333331
43980,42.31801666666664
44000,42.65134999999997
44020,42.98468333333331
44040,43.31801666666664
44060,38.01703333333329
44080,38.35036666666662
44100,38.68369999999995
44120,39.01703333333329
44140,39.35036666666662
44160,39.68369999999995
44180,40.01703333333329
44200,40.35036666666662
44220,40.68369999999995
44240,41.01703333333329
44260,41.35036666666662
44280,41.68369999999995
44300,42.01703333333329
44320,42.35036666666662
44340,42.68369999999995
44360,43.01703333333329
44380,43.35036666666662
44400,43.68369999999995
44420,44.01703333333329
44440,44.35036666666662
44460,44.68369999999995
44480,45.01703333333329
44500,45.35036666666662
44520,45.68369999999995
44540,46.01703333333329
44560,46.35036666666662
44580,46.68369999999995
44600,47.01703333333329
44620,47.35036666666662
44640,47.68369999999995
44660,48.01703333333329
44680,48.35036666666662
44700,48.68369999999995
44720,49.01703333333329
44740,49.35036666666662
44760,49.68369999999995
44780,50.01703333333329
44800,50.35036666666662
44820,50.68369999999995
44840,51.01703333333329
44860,51.35036666666662
44880,51.68369999999995
44900,52.01703333333329
44920,52.35036666666662
44940,52.68369999999995
44960,53.01703333333329
44980,53.35036666666662
45000,53.68369999999995
45020,54.01703333333329
45040,54.35036666666662
45060,54.68369999999995
45080,55.01703333333329
45100,55.35036666666662
45120,55.68369999999995
45140,56.01703333333329
45160,56.35036666666662
45180,56.68369999999995
45200,57.01703333333329
45220,57.35036666666662
45240,57.68369999999995
45260,58.01703333333329
45280,58.35036666666662
45300,58.68369999999995
45320,59.01703333333329
45340,59.35036666666662
45360,59.68369999999995
45380,60.01703333333329
45400,60.35036666666662
45420,60.68369999999995
45440,61.01703333333329
45460,61.35036666666662
45480,52.972366666666616
45500,53.30569999999995
45520,53.63903333333328
45540,53.972366666666616
45560,54.30569999999995
45580,54.63903333333328
45600,54.972366666666616
45620,55.30569999999995
45640,55.63903333333328
45660,55.972366666666616
45680,56.30569999999995
45700,56.63903333333328
45720,56.972366666666616
45740,57.30569999999995
45760,57.63903333333328
45780,57.972366666666616
45800,58.30569999999995
45820,52.91041666666667
45840,53.24375
45860,53.577083333333334
45880,53.91041666666667
45900,54.24375
45920,54.577083333333334
45940,54.91041666666667
45960,55.24375
45980,55.577083333333334
46000,55.91041666666667
46020,56.24375
46040,56.577083333333334
46060,56.91041666666667
46080,57.24375
46100,57.577083333333334
46120,57.91041666666667
46140,58.24375
46160,45.339816666666714
46180,45.67315000000005
46200,46.00648333333338
46220,46.339816666666714
46240,46.67315000000005
46260,47.00648333333338
46280,47.339816666666714
46300,47.67315000000005
46320,48.00648333333338
46340,48.339816666666714
46360,48.67315000000005
46380,49.00648333333338
46400,49.339816666666714
46420,49.67315000000005
46440,50.00648333333338
46460,50.339816666666714
46480,50.67315000000005
46500,51.00648333333338
46520,51.339816666666714
46540,51.67315000000005
46560,52.00648333333338
46580,52.339816666666714
46600,52.67315000000005
46620,53.00648333333338
46640,53.339816666666714
46660,53.67315000000005
46680,54.00648333333338
46700,54.339816666666714
46720,54.67315000000005
46740,55.00648333333338
46760,55.339816666666714
46780,55.66221666666667
46800,55.99555
46820,56.32888333333334
46840,56.66221666666667
46860,56.99555
46880,57.130500000000026
46900,57.46383333333336
46920,50.4355333333333
46940,50.76886666666663
46960,51.10219999999996
46980,51.4355333333333
47000,51.76886666666663
47020,52.10219999999996
47040,52.4355333333333
47060,49.535116666666724
47080,49.86845000000006
47100,50.201783333333395
47120,50.535116666666724
47140,50.86845000000006
47160,51.201783333333395
47180,51.535116666666724
47200,51.86845000000006
47220,52.201783333333395
47240,52.535116666666724
47260,52.86845000000006
47280,53.201783333333395
47300,53.535116666666724
47320,53.86845000000006
47340,54.201783333333395
47360,54.535116666666724
47380,54.86845000000006
47400,55.201783333333395
47420,55.535116666666724
47440,55.86845000000006
47460,34.534200000000055
47480,34.86753333333339
47500,35.20086666666672
47520,35.534200000000055
47540,35.86753333333339
47560,36.20086666666672
47580,36.534200000000055
47600,36.86753333333339
47620,37.20086666666672
47640,37.534200000000055
47660,37.86753333333339
47680,38.20086666666672
47700,38.534200000000055
47720,38.86753333333339
47740,39.20086666666672
47760,39.534200000000055
47780,39.86753333333339
47800,40.20086666666672
47820,40.534200000000055
47840,40.86753333333339
47860,41.20086666666672
47880,41.534200000000055
47900,41.86753333333339
47920,42.20086666666672
47940,42.534200000000055
47960,42.86753333333339
47980,43.20086666666672
48000,43.534200000000055
48020,43.86753333333339
48040,44.20086666666672
48060,44.534200000000055
48080,44.86753333333339
48100,45.20086666666672
48120,45.534200000000055
48140,45.86753333333339
48160,46.20086666666672
48180,46.534200000000055
48200,46.86753333333339
48220,47.20086666666672
48240,47.534200000000055
48260,47.86753333333339
48280,48.20086666666672
48300,48.534200000000055
48320,48.86753333333339
48340,49.20086666666672
48360,49.534200000000055
48380,49.86753333333339
48400,50.20086666666672
48420,50.534200000000055
48440,50.86753333333339
48460,51.20086666666672
48480,51.534200000000055
48500,51.86753333333339
48520,52.20086666666672
48540,52.534200000000055
48560,52.86753333333339
48580,53.20086666666672
48600,53.534200000000055
48620,53.86753333333339
48640,54.20086666666672
48660,54.534200000000055
48680,54.86753333333339
48700,55.20086666666672
48720,55.534200000000055
48740,55.86753333333339
48760,56.20086666666672
48780,56.534200000000055
48800,56.86753333333339
48820,57.20086666666672
48840,57.534200000000055
48860,57.86753333333339
48880,58.20086666666672
48900,58.534200000000055
48920,58.86753333333339
48940,59.20086666666672
48960,59.534200000000055
48980,41.71416666666664
49000,42.04749999999998
49020,42.38083333333331
49040,42.71416666666664
49060,43.04749999999998
49080,43.38083333333331
49100,43.71416666666664
49120,44.04749999999998
49140,44.38083333333331
49160,44.71416666666664
49180,45.04749999999998
49200,45.38083333333331
49220,45.71416666666664
49240,46.04749999999998
49260,46.38083333333331
49280,42.310666666666656
49300,36.50271666666667
49320,0.7851333333333362
49340,1.1184666666666696
49360,9.945849999999943
49380,43.97733333333333
49400,44.310666666666656
49420,44.64399999999999
49440,44.97733333333333
49460,45.310666666666656
49480,45.64399999999999
49500,45.97733333333333
49520,46.310666666666656
49540,46.64399999999999
49560,46.97733333333333
49580,47.310666666666656
49600,47.64399999999999
49620,47.97733333333333
49640,48.310666666666656
49660,48.64399999999999
49680,48.97733333333333
49700,49.310666666666656
49720,49.64399999999999
49740,49.97733333333333
49760,50.310666666666656
49780,50.64399999999999
49800,50.97733333333333
49820,51.310666666666656
49840,51.64399999999999
49860,51.97733333333333
49880,52.310666666666656
49900,52.64399999999999
49920,52.97733333333333
49940,53.310666666666656
49960,53.64399999999999
49980,53.97733333333333
50000,54.310666666666656
50020,54.64399999999999
50040,54.97733333333333
50060,55.310666666666656
50080,55.64399999999999
50100,55.97733333333333
50120,56.310666666666656
50140,56.64399999999999
50160,56.97733333333333
50180,57.310666666666656
50200,57.64399999999999
50220,57.97733333333333
50240,58.310666666666656
50260,58.64399999999999
50280,58.97733333333333
50300,59.310666666666656
50320,59.64399999999999
50340,59.97733333333333
50360,60.310666666666656
50380,60.64399999999999
50400,60.97733333333333
50420,61.310666666666656
50440,61.64399999999999
50460,61.97733333333333
50480,56.16938333333334
50500,56.50271666666667
50520,56.83605000000001
50540,57.16938333333334
50560,43.07641666666665
50580,43.40974999999999
50600,43.74308333333332
50620,44.07641666666665
50640,37.05361666666661
50660,37.38694999999995
50680,37.720283333333285
50700,38.05361666666661
50720,38.38694999999995
50740,38.720283333333285
50760,39.05361666666661
50780,39.38694999999995
50800,39.720283333333285
50820,40.05361666666661
50840,40.38694999999995
50860,40.720283333333285
50880,41.05361666666661
50900,41.38694999999995
50920,41.720283333333285
50940,42.05361666666661
50960,42.38694999999995
50980,42.720283333333285
51000,43.05361666666661
51020,43.38694999999995
51040,43.720283333333285
51060,44.05361666666661
51080,44.38694999999995
51100,44.720283333333285
51120,45.05361666666661
51140,45.38694999999995
51160,39.94584999999994
51180,40.27918333333328
51200,40.61251666666661
51220,40.86450000000004
51240,41.06143333333336
51260,41.39476666666669
51280,41.728100000000026
51300,41.94158333333338
51320,38.977166666666626
51340,39.310499999999955
51360,39.64383333333329
51380,39.977166666666626
51400,40.310499999999955
51420,40.64383333333329
51440,40.977166666666626
51460,41.310499999999955
51480,41.64383333333329
51500,41.977166666666626
51520,42.310499999999955
51540,42.64383333333329
51560,40.526249999999955
51580,40.85958333333328
51600,18.620533333333395
51620,18.953866666666727
51640,19.28720000000006
51660,17.347466666666637
51680,17.68079999999997
51700,18.0141333333333
51720,18.347466666666637
51740,18.68079999999997
51760,19.0141333333333
51780,19.347466666666637
51800,19.68079999999997
51820,20.0141333333333
51840,20.347466666666637
51860,20.68079999999997
51880,21.0141333333333
51900,21.347466666666637
51920,21.68079999999997
51940,22.0141333333333
51960,22.347466666666637
51980,22.68079999999997
52000,23.0141333333333
52020,23.347466666666637
52040,23.68079999999997
52060,24.0141333333333
52080,24.347466666666637
52100,24.68079999999997
52120,25.0141333333333
52140,25.347466666666637
52160,25.68079999999997
52180,26.0141333333333
52200,26.347466666666637
52220,26.68079999999997
52240,27.0141333333333
52260,27.347466666666637
52280,27.68079999999997
52300,28.0141333333333
52320,28.347466666666637
52340,28.68079999999997
52360,29.0141333333333
52380,29.347466666666637
52400,29.68079999999997
52420,30.0141333333333
52440,30.347466666666637
52460,30.68079999999997
52480,31.0141333333333
52500,31.347466666666637
52520,31.68079999999997
52540,32.014133333333305
52560,32.347466666666634
52580,32.68079999999997
52600,33.014133333333305
52620,33.347466666666634
52640,33.68079999999997
52660,34.014133333333305
52680,34.347466666666634
52700,34.68079999999997
52720,35.014133333333305
52740,35.347466666666634
52760,35.68079999999997
52780,36.014133333333305
52800,36.347466666666634
52820,36.68079999999997
52840,37.014133333333305
52860,37.347466666666634
52880,37.68079999999997
52900,38.014133333333305
52920,38.347466666666634
52940,38.68079999999997
52960,39.014133333333305
52980,39.347466666666634
53000,39.68079999999997
53020,40.014133333333305
53040,40.347466666666634
53060,40.68079999999997
53080,41.014133333333305
53100,41.347466666666634
53120,41.68079999999997
53140,42.014133333333305
53160,42.347466666666634
53180,42.68079999999997
53200,43.014133333333305
53220,43.347466666666634
53240,43.68079999999997
53260,44.014133333333305
53280,44.347466666666634
53300,44.68079999999997
53320,45.014133333333305
53340,45.347466666666634
53360,34.497216666666645
53380,34.83054999999998
53400,35.16388333333331
53420,35.497216666666645
53440,35.83054999999998
53460,36.16388333333331
53480,36.497216666666645
53500,36.83054999999998
53520,37.16388333333331
53540,37.497216666666645
53560,37.83054999999998
53580,38.16388333333331
53600,38.497216666666645
53620,38.83054999999998
53640,39.16388333333331
53660,39.497216666666645
53680,39.83054999999998
53700,40.16388333333331
53720,40.497216666666645
53740,40.83054999999998
53760,41.16388333333331
53780,38.20188333333329
53800,38.53521666666663
53820,38.868549999999956
53840,39.20188333333329
53860,39.53521666666663
53880,39.868549999999956
53900,40.20188333333329
53920,40.53521666666663
53940,40.868549999999956
53960,41.20188333333329
53980,41.53521666666663
54000,41.868549999999956
54020,42.20188333333329
54040,42.53521666666663
54060,42.868549999999956
54080,43.20188333333329
54100,43.53521666666663
54120,43.868549999999956
54140,44.20188333333329
54160,44.53521666666663
54180,44.868549999999956
54200,45.20188333333329
54220,45.53521666666663
54240,45.868549999999956
54260,46.20188333333329
54280,46.53521666666663
54300,46.868549999999956
54320,47.20188333333329
54340,47.53521666666663
54360,47.868549999999956
54380,48.20188333333329
54400,48.53521666666663
54420,48.868549999999956
54440,49.20188333333329
54460,49.53521666666663
54480,49.868549999999956
54500,50.20188333333329
54520,50.53521666666663
54540,50.868549999999956
54560,51.20188333333329
54580,51.53521666666663
54600,51.868549999999956
54620,52.20188333333329
54640,52.53521666666663
54660,52.868549999999956
54680,53.20188333333329
54700,53.53521666666663
54720,53.868549999999956
54740,54.20188333333329
54760,54.53521666666663
54780,54.868549999999956
54800,55.20188333333329
54820,55.53521666666663
54840,55.868549999999956
54860,56.20188333333329
54880,56.53521666666663
54900,56.868549999999956
54920,57.20188333333329
54940,57.53521666666663
54960,57.868549999999956
54980,58.20188333333329
55000,58.53521666666663
55020,58.868549999999956
55040,59.20188333333329
55060,59.53521666666663
55080,59.868549999999956
55100,60.20188333333329
55120,60.53521666666663
55140,60.868549999999956
55160,61.20188333333329
55180,61.53521666666663
55200,61.868549999999956
55220,62.20188333333329
55240,62.53521666666663
55260,62.868549999999956
55280,63.20188333333329
55300,63.53521666666663
55320,63.868549999999956
55340,64.2018833333333
55360,64.53521666666663
55380,64.86854999999996
55400,65.2018833333333
55420,65.53521666666663
55440,65.86854999999996
55460,66.2018833333333
55480,66.53521666666663
55500,66.86854999999996
55520,67.2018833333333
55540,67.53521666666663
55560,67.86854999999996
55580,68.02479999999996
55600,68.3581333333333
55620,68.69146666666663
55640,69.02479999999996
55660,69.3581333333333
55680,69.69146666666663
55700,70.02479999999996
55720,70.3581333333333
55740,70.69146666666663
55760,71.02479999999996
55780,71.3581333333333
55800,71.69146666666663
55820,72.02479999999996
55840,72.3581333333333
55860,72.69146666666663
55880,73.02479999999996
55900,73.3581333333333
55920,73.69146666666663
55940,74.02479999999996
55960,74.3581333333333
55980,74.69146666666663
56000,75.02479999999996
56020,75.3581333333333
56040,75.69146666666663
56060,76.02479999999996
56080,76.3581333333333
56100,76.69146666666663
56120,77.02479999999996
56140,77.3581333333333
56160,77.69146666666663
56180,78.02479999999996
56200,78.3581333333333
56220,78.69146666666663
56240,79.02479999999996
56260,79.3581333333333
56280,79.69146666666663
56300,80.02479999999996
56320,80.3581333333333
56340,80.69146666666663
56360,81.02479999999996
56380,81.3581333333333
56400,81.69146666666663
56420,82.02479999999996
56440,74.43778333333333
56460,74.77111666666666
56480,75.10445
56500,75.43778333333333
56520,75.77111666666666
56540,76.10445
56560,76.43778333333333
56580,76.77111666666666
56600,77.10445
56620,77.43778333333333
56640,77.77111666666666
56660,78.10445
56680,78.43778333333333
56700,78.77111666666666
56720,79.10445
56740,79.43778333333333
56760,79.77111666666666
56780,80.10445
56800,80.43778333333333
56820,80.77111666666666
56840,81.10445
56860,81.43778333333333
56880,81.77111666666666
56900,82.10445
56920,82.43778333333333
56940,82.77111666666666
56960,83.10445
56980,83.43778333333333
57000,83.77111666666666
57020,84.10445
57040,84.43778333333333
57060,84.77111666666666
57080,85.10445
57100,85.43778333333333
57120,85.77111666666666
57140,86.10445
57160,86.43778333333333
57180,86.77111666666666
57200,87.10445
57220,87.43778333333333
57240,87.77111666666666
57260,88.10445
57280,88.43778333333333
57300,88.77111666666666
57320,89.10445
57340,89.43778333333333
57360,89.77111666666666
57380,90.10445
57400,90.43778333333333
57420,90.77111666666666
57440,91.10445
57460,91.43778333333333
57480,91.77111666666666
57500,92.10445
57520,92.43778333333333
57540,92.77111666666666
57560,93.10445
57580,93.43778333333333
57600,93.77111666666666
57620,94.10445
57640,94.43778333333333
57660,94.77111666666666
57680,95.10445
57700,95.43778333333333
57720,95.77111666666666
57740,96.10445
57760,96.43778333333333
57780,96.77111666666666
57800,97.10445
57820,97.43778333333333
57840,97.77111666666666
57860,98.10445
57880,98.43778333333333
57900,98.77111666666666
57920,99.10445
57940,99.43778333333333
57960,99.77111666666666
57980,100.10445
58000,100.43778333333333
58020,100.77111666666666
58040,72.68259999999997
58060,73.01593333333331
58080,73.34926666666664
58100,73.68259999999997
58120,74.01593333333331
58140,74.34926666666664
58160,74.68259999999997
58180,75.01593333333331
58200,75.34926666666664
58220,75.68259999999997
58240,76.01593333333331
58260,76.34926666666664
58280,76.68259999999997
58300,77.01593333333331
58320,77.34926666666664
58340,77.68259999999997
58360,78.01593333333331
58380,78.34926666666664
58400,78.68259999999997
58420,79.01593333333331
58440,79.34926666666664
58460,51.33209999999999
58480,51.665433333333326
58500,51.99876666666666
58520,52.33209999999999
58540,52.665433333333326
58560,52.99876666666666
58580,53.33209999999999
58600,53.665433333333326
58620,53.99876666666666
58640,54.33209999999999
58660,54.665433333333326
58680,54.99876666666666
58700,55.33209999999999
58720,55.665433333333326
58740,55.99876666666666
58760,56.33209999999999
58780,56.665433333333326
58800,56.99876666666666
58820,57.33209999999999
58840,57.665433333333326
58860,57.99876666666666
58880,58.33209999999999
58900,58.665433333333326
58920,58.99876666666666
58940,59.33209999999999
58960,59.665433333333326
58980,59.99876666666666
59000,60.33209999999999
59020,60.665433333333326
59040,60.99876666666666
59060,61.33209999999999
59080,61.665433333333326
59100,61.99876666666666
59120,62.33209999999999
59140,62.665433333333326
59160,62.99876666666666
59180,63.33209999999999
59200,63.665433333333326
59220,63.99876666666666
59240,64.3321
59260,64.66543333333333
59280,64.99876666666665
59300,65.3321
59320,65.66543333333333
59340,65.99876666666665
59360,66.3321
59380,66.66543333333333
59400,66.99876666666665
59420,67.3321
59440,67.66543333333333
59460,67.99876666666665
59480,68.3321
59500,68.66543333333333
59520,68.99876666666665
59540,69.3321
59560,69.66543333333333
59580,69.99876666666665
59600,70.3321
59620,70.66543333333333
59640,70.99876666666665
59660,71.3321
59680,71.66543333333333
59700,71.99876666666665
59720,72.3321
59740,72.66543333333333
59760,72.99876666666665
59780,73.3321
59800,73.66543333333333
59820,73.99876666666665
59840,74.3321
59860,74.66543333333333
59880,74.99876666666665
59900,75.3321
59920,75.66543333333333
59940,75.99876666666665
59960,76.3321
59980,76.66543333333333
60000,76.99876666666665
60020,77.3321
60040,77.66543333333333
60060,77.99876666666665
60080,78.3321
60100,78.66543333333333
60120,78.99876666666665
60140,79.3321
60160,79.66543333333333
60180,79.99876666666665
60200,80.3321
60220,80.66543333333333
60240,80.99876666666665
60260,81.3321
60280,81.66543333333333
60300,81.99876666666665
60320,82.3321
60340,82.66543333333333
60360,82.99876666666665
60380,83.3321
60400,83.66543333333333
60420,83.99876666666665
60440,84.3321
60460,84.66543333333333
60480,84.99876666666665
60500,85.3321
60520,85.66543333333333
60540,85.99876666666665
60560,86.3321
60580,86.66543333333333
60600,86.99876666666665
60620,87.3321
60640,87.66543333333333
60660,87.99876666666665
60680,88.3321
60700,88.66543333333333
60720,88.99876666666665
60740,89.3321
60760,89.66543333333333
60780,89.99876666666665
60800,90.3321
60820,90.66543333333333
60840,90.99876666666665
60860,91.3321
60880,91.66543333333333
60900,91.99876666666665
60920,92.3321
60940,92.66543333333333
60960,92.99876666666665
60980,93.3321
61000,93.66543333333333
61020,93.99876666666665
61040,94.3321
61060,94.66543333333333
61080,94.99876666666665
61100,95.3321
61120,95.66543333333333
61140,95.99876666666665
61160,96.3321
61180,96.66543333333333
61200,96.99876666666665
61220,97.3321
61240,97.66543333333333
61260,97.99876666666665
61280,98.3321
61300,98.66543333333333
61320,98.99876666666665
61340,99.3321
61360,99.66543333333333
61380,99.99876666666665
61400,100.3321
61420,100.66543333333333
61440,100.99876666666665
61460,101.3321
61480,101.66543333333333
61500,101.99876666666665
61520,102.3321
61540,102.66543333333333
61560,102.99876666666665
61580,103.3321
61600,103.66543333333333
61620,103.99876666666665
61640,104.3321
61660,104.66543333333333
61680,104.99876666666665
61700,105.3321
61720,105.66543333333333
61740,105.99876666666665
61760,106.3321
61780,106.66543333333333
61800,106.99876666666665
61820,107.3321
61840,107.66543333333333
61860,107.99876666666665
61880,108.3321
61900,108.66543333333333
61920,108.99876666666665
61940,109.3321
61960,109.66543333333333
61980,109.99876666666665
62000,110.3321
62020,110.66543333333333
62040,110.99876666666665
62060,111.3321
62080,111.66543333333333
62100,111.99876666666665
62120,112.3321
62140,112.66543333333333
62160,112.99876666666665
62180,113.3321
62200,113.66543333333333
62220,113.99876666666665
62240,114.3321
62260,114.66543333333333
62280,114.99876666666665
62300,115.3321
62320,115.66543333333333
62340,115.99876666666665
62360,116.3321
62380,116.66543333333333
62400,116.99876666666665
62420,117.3321
62440,117.66543333333333
62460,117.99876666666665
62480,118.3321
62500,118.66543333333333
62520,118.99876666666665
62540,119.3321
62560,119.66543333333333
62580,119.99876666666665
62600,120.3321
62620,120.66543333333333
62640,120.99876666666665
62660,121.3321
62680,121.66543333333333
62700,121.99876666666665
62720,122.3321
62740,122.66543333333333
62760,122.99876666666665
62780,123.3321
62800,123.66543333333333
62820,123.99876666666665
62840,124.3321
62860,124.66543333333333
62880,124.99876666666665
62900,125.3321
62920,125.66543333333333
62940,125.99876666666665
62960,126.3321
62980,126.66543333333333
63000,126.99876666666665
63020,127.3321
63040,127.66543333333333
63060,127.99876666666665
63080,128.3321
63100,128.6654333333333
63120,128.99876666666665
63140,129.3321
63160,129.6654333333333
63180,129.99876666666665
63200,130.3321
63220,130.6654333333333
63240,130.99876666666665
63260,131.3321
63280,131.6654333333333
63300,131.99876666666665
63320,132.3321
63340,132.6654333333333
63360,132.99876666666665
63380,133.3321
63400,133.6654333333333
63420,133.99876666666665
63440,134.3321
63460,134.6654333333333
63480,134.99876666666665
63500,135.3321
63520,135.6654333333333
63540,135.99876666666665
63560,136.3321
63580,136.6654333333333
63600,136.99876666666665
63620,137.3321
63640,137.6654333333333
63660,137.99876666666665
63680,138.3321
63700,138.6654333333333
63720,138.99876666666665
63740,139.3321
63760,139.6654333333333
63780,139.99876666666665
63800,140.3321
63820,140.6654333333333
63840,140.99876666666665
63860,141.3321
63880,141.6654333333333
63900,141.99876666666665
63920,142.3321
63940,142.6654333333333
63960,142.99876666666665
63980,143.3321
64000,143.6654333333333
64020,143.99876666666665
64040,144.3321
64060,144.6654333333333
64080,144.99876666666665
64100,145.3321
64120,145.6654333333333
64140,145.99876666666665
64160,146.3321
64180,146.6654333333333
64200,146.99876666666665
64220,147.3321
64240,147.6654333333333
64260,147.99876666666665
64280,148.3321
64300,148.6654333333333
64320,148.99876666666665
64340,149.3321
64360,149.6654333333333
64380,149.99876666666665
64400,150.3321
64420,150.6654333333333
64440,150.99876666666665
64460,151.3321
64480,151.6654333333333
64500,151.99876666666665
64520,152.3321
64540,152.6654333333333
64560,152.99876666666665
64580,153.3321
64600,153.6654333333333
64620,153.99876666666665
64640,154.3321
64660,154.6654333333333
64680,154.99876666666665
64700,155.3321
64720,155.6654333333333
64740,155.99876666666665
64760,156.3321
64780,156.6654333333333
64800,156.99876666666665
64820,157.3321
64840,157.6654333333333
64860,157.99876666666665
64880,158.3321
64900,158.6654333333333
64920,158.99876666666665
64940,159.3321
64960,159.6654333333333
64980,159.99876666666665
65000,160.3321
65020,160.6654333333333
65040,160.99876666666665
65060,161.3321
65080,161.6654333333333
65100,161.99876666666665
65120,162.3321
65140,162.6654333333333
65160,162.99876666666665
65180,163.3321
65200,163.6654333333333
65220,163.99876666666665
65240,164.3321
65260,164.6654333333333
65280,164.99876666666665
65300,165.3321
65320,165.6654333333333
65340,165.99876666666665
65360,166.3321
65380,166.6654333333333
65400,166.99876666666665
65420,167.3321
65440,167.6654333333333
65460,167.99876666666665
65480,168.3321
65500,168.6654333333333
65520,168.99876666666665
65540,169.3321
65560,169.6654333333333
65580,169.99876666666665
65600,170.3321
65620,170.6654333333333
65640,170.99876666666665
65660,171.3321
65680,171.6654333333333
65700,171.99876666666665
65720,172.3321
65740,172.6654333333333
65760,172.99876666666665
65780,173.3321
65800,173.6654333333333
65820,173.99876666666665
65840,174.3321
65860,174.6654333333333
65880,174.99876666666665
65900,175.3321
65920,175.6654333333333
65940,175.99876666666665
65960,176.3321
65980,176.6654333333333
66000,176.99876666666665
66020,177.3321
66040,177.6654333333333
66060,177.99876666666665
66080,178.3321
66100,178.6654333333333
66120,178.99876666666665
66140,179.3321
66160,179.6654333333333
66180,179.99876666666665
66200,180.3321
66220,180.6654333333333
66240,177.38164999999995
66480,180.49866666666665
66500,181.7149833333333
66520,182.19811666666672
66540,182.53145000000004
66560,182.86478333333338
66580,183.19811666666672
66600,183.53145000000004
66620,183.86478333333338
66640,184.19811666666672
66660,184.53145000000004
66680,184.86478333333338
66700,185.19811666666672
66720,185.53145000000004
66740,185.86478333333338
66760,186.19811666666672
66780,186.53145000000004
66800,186.86478333333338
66820,187.19811666666672
66840,187.53145000000004
66860,187.86478333333338
66880,188.19811666666672
66900,188.53145000000004
66920,188.86478333333338
66940,189.19811666666672
66960,189.53145000000004
66980,189.86478333333338
67000,190.19811666666672
67020,190.53145000000004
67040,190.86478333333338
67060,191.19811666666672
67080,191.53145000000004
67100,191.86478333333338
67120,192.19811666666672
67140,192.53145000000004
67160,192.86478333333338
67180,193.19811666666672
67200,193.53145000000004
67220,193.86478333333338
67240,194.19811666666672
67260,194.53145000000004
67280,194.86478333333338
67300,195.19811666666672
67320,195.53145000000004
67340,195.86478333333338
67360,196.19811666666672
67380,196.53145000000004
67400,196.86478333333338
67420,197.19811666666672
67440,197.53145000000004
67460,197.86478333333338
67480,198.19811666666672
67500,198.53145000000004
67520,198.86478333333338
67540,199.19811666666672
67560,199.53145000000004
67580,199.86478333333338
67600,200.19811666666672
67620,200.53145000000004
67640,200.86478333333338
67660,201.19811666666672
67680,201.53145000000004
67700,201.86478333333338
67720,202.19811666666672
67740,202.53145000000004
67760,202.86478333333338
67780,203.19811666666672
67800,203.53145000000004
67820,203.86478333333338
67840,204.19811666666672
67860,204.53145000000004
67880,204.86478333333338
67900,205.19811666666672
67920,205.53145000000004
67940,205.86478333333338
67960,206.19811666666672
67980,206.53145000000004
68000,206.86478333333338
68020,207.19811666666672
68040,207.53145000000004
68060,207.86478333333338
68080,208.19811666666672
68100,208.53145000000004
68120,208.86478333333338
68140,209.19811666666672
68160,209.53145000000004
68180,209.86478333333338
68200,210.19811666666672
68220,210.53145000000004
68240,210.86478333333338
68260,211.04831666666664
68280,211.38164999999995
68300,211.7149833333333
68320,212.04831666666664
68340,212.38164999999995
68360,212.7149833333333
68380,213.04831666666664
68400,213.38164999999995
68420,213.7149833333333
68440,214.04831666666664
68460,214.38164999999995
68480,214.7149833333333
68500,215.04831666666664
68520,215.38164999999995
68540,215.7149833333333
68560,216.04831666666664
68580,216.38164999999995
68600,216.7149833333333
68620,217.04831666666664
68640,217.38164999999995
68660,217.7149833333333
68680,218.04831666666664
68700,218.38164999999995
68720,218.7149833333333
68740,219.04831666666664
68760,219.38164999999995
68780,219.7149833333333
68800,220.04831666666664
68820,220.38164999999995
68840,220.7149833333333
68860,221.04831666666664
68880,221.38164999999995
68900,221.7149833333333
68920,222.04831666666664
68940,222.38164999999995
68960,222.7149833333333
68980,223.04831666666664
69000,223.38164999999995
69020,223.7149833333333
69040,224.04831666666664
69060,224.38164999999995
69080,224.7149833333333
69100,225.04831666666664
69120,225.38164999999995
69140,225.7149833333333
69160,226.04831666666664
69180,226.38164999999995
69200,226.7149833333333
69220,227.04831666666664
69240,227.38164999999995
69260,227.7149833333333
69280,228.04831666666664
69300,228.38164999999995
69320,228.7149833333333
69340,229.04831666666664
69360,229.38164999999995
69380,229.7149833333333
69400,230.04831666666664
69420,230.38164999999995
69440,230.7149833333333
69460,231.04831666666664
69480,231.38164999999995
69500,231.7149833333333
69520,232.04831666666664
69540,232.38164999999995
69560,232.7149833333333
69580,233.04831666666664
69600,233.38164999999995
69620,233.7149833333333
69640,234.04831666666664
69660,234.38164999999995
69680,234.7149833333333
69700,235.04831666666664
69720,235.38164999999995
69740,235.7149833333333
69760,236.04831666666664
69780,236.38164999999995
69800,236.7149833333333
69820,237.04831666666664
69840,237.38164999999995
69860,237.7149833333333
69880,238.04831666666664
69900,238.38164999999995
69920,238.7149833333333
69940,239.04831666666664
69960,239.38164999999995
69980,239.7149833333333
70000,240.04831666666664
70020,240.38164999999995
70040,240.7149833333333
70060,241.04831666666664
70080,241.38164999999995
70100,241.7149833333333
70120,242.04831666666664
70140,242.38164999999995
70160,242.7149833333333
70180,243.04831666666664
70200,243.38164999999995
70220,243.7149833333333
70240,244.04831666666664
70260,244.38164999999995
70280,244.7149833333333
70300,245.04831666666664
70320,245.38164999999995
70340,245.7149833333333
70360,246.04831666666664
70380,246.38164999999995
70400,246.7149833333333
70420,247.04831666666664
70440,247.38164999999995
70460,247.7149833333333
70480,248.04831666666664
70500,248.38164999999995
70520,248.7149833333333
70540,249.04831666666664
70560,249.38164999999995
70580,249.7149833333333
70600,250.04831666666664
70620,250.38164999999995
70640,250.7149833333333
70660,251.04831666666664
70680,251.38164999999995
70700,251.7149833333333
70720,252.04831666666664
70740,252.38164999999995
70760,252.7149833333333
70780,253.04831666666664
70800,253.38164999999995
70820,253.7149833333333
70840,254.04831666666664
70860,254.38164999999995
70880,254.7149833333333
70900,255.04831666666664
70920,255.38164999999995
70940,255.7149833333333
70960,256.0483166666666
70980,256.38165
71000,256.7149833333333
71020,257.0483166666666
71040,257.38165
71060,257.7149833333333
71080,258.0483166666666
71100,258.38165
71120,258.7149833333333
71140,259.0483166666666
71160,259.38165
71180,259.7149833333333
71200,260.0483166666666
71220,260.38165
71240,260.7149833333333
71260,261.0483166666666
71280,261.38165
71300,261.7149833333333
71320,262.0483166666666
71340,262.38165
71360,262.7149833333333
71380,263.0483166666666
71400,263.38165
71420,263.7149833333333
71440,264.0483166666666
71460,264.38165
71480,264.7149833333333
71500,265.0483166666666
71520,265.38165
71540,265.7149833333333
71560,266.0483166666666
71580,266.38165
71600,266.7149833333333
71620,267.0483166666666
71640,267.38165
71660,267.7149833333333
71680,268.0483166666666
71700,268.38165
71720,268.7149833333333
71740,269.0483166666666
71760,269.38165
71780,269.7149833333333
71800,270.0483166666666
71820,270.38165
71840,270.7149833333333
71860,271.0483166666666
71880,271.38165
71900,271.7149833333333
71920,272.0483166666666
71940,272.38165
71960,272.7149833333333
71980,273.0483166666666
72000,273.38165
72020,273.7149833333333
72040,274.0483166666666
72060,274.38165
72080,274.7149833333333
72100,275.0483166666666
72120,275.38165
72140,275.7149833333333
72160,276.0483166666666
72180,276.38165
72200,276.7149833333333
72220,277.0483166666666
72240,277.38165
72260,277.7149833333333
72280,278.0483166666666
72300,278.38165
72320,278.7149833333333
72340,279.0483166666666
72360,279.38165
72380,279.7149833333333
72400,280.0483166666666
72420,280.38165
72440,280.7149833333333
72460,281.0483166666666
72480,281.38165
72500,281.7149833333333
72520,282.0483166666666
72540,281.89714999999995
72560,71.06861666666664
72580,71.40194999999997
72600,71.7352833333333
72620,72.06861666666664
72640,72.40194999999997
72660,72.7352833333333
72680,73.06861666666664
72700,73.40194999999997
72720,73.7352833333333
72740,285.7149833333333
72760,286.0483166666666
72780,286.38165
72800,286.7149833333333
72820,287.0483166666666
72840,287.38165
72860,287.7149833333333
72880,288.0483166666666
72900,288.38165
72920,288.7149833333333
72940,289.0483166666666
72960,289.38165
72980,289.7149833333333
73000,290.0483166666666
73020,289.89714999999995
73040,290.2304833333333
73060,290.56381666666664
73080,288.98216666666667
73100,289.3155
73120,289.64883333333336
73140,289.98216666666667
73160,290.3155
73180,290.64883333333336
73200,290.98216666666667
73220,291.3155
73240,291.64883333333336
73260,291.98216666666667
73280,292.3155
73300,292.64883333333336
73320,292.98216666666667
73340,293.3155
73360,293.64883333333336
73380,293.98216666666667
73400,294.3155
73420,294.64883333333336
73440,294.98216666666667
73460,295.3155
73480,295.64883333333336
73500,295.98216666666667
73520,296.3155
73540,296.64883333333336
73560,296.98216666666667
73580,297.3155
73600,297.64883333333336
73620,297.98216666666667
73640,298.3155
73660,298.64883333333336
73680,298.98216666666667
73700,299.3155
73720,299.64883333333336
73740,299.98216666666667
73760,300.3155
73780,300.64883333333336
73800,300.98216666666667
73820,301.3155
73840,301.64883333333336
73860,301.98216666666667
73880,302.3155
73900,302.64883333333336
73920,302.98216666666667
73940,303.3155
73960,303.64883333333336
73980,303.98216666666667
74000,304.3155
74020,304.64883333333336
74040,304.98216666666667
74060,305.3155
74080,305.64883333333336
74100,305.98216666666667
74120,306.3155
74140,306.64883333333336
74160,306.98216666666667
74180,307.3155
74200,307.64883333333336
74220,307.98216666666667
74240,308.3155
74260,308.64883333333336
74280,308.98216666666667
74300,309.3155
74320,309.64883333333336
74340,309.98216666666667
74360,310.3155
74380,310.64883333333336
74400,310.98216666666667
74420,311.3155
74440,311.64883333333336
74460,311.98216666666667
74480,312.3155
74500,312.64883333333336
74520,312.98216666666667
74540,313.3155
74560,313.64883333333336
74580,313.98216666666667
74600,314.3155
74620,314.64883333333336
74640,314.98216666666667
74660,315.3155
74680,315.64883333333336
74700,315.98216666666667
74720,316.3155
74740,316.64883333333336
74760,316.98216666666667
74780,317.3155
74800,317.64883333333336
74820,317.98216666666667
74840,306.8861666666666
74860,307.2195
74880,307.5528333333333
74900,307.8861666666666
74920,308.2195
74940,308.5528333333333
74960,308.8861666666666
74980,309.2195
75000,309.5528333333333
75020,309.8861666666666
75040,310.2195
75060,310.5528333333333
75080,310.8861666666666
75100,311.2195
75120,311.5528333333333
75140,311.8861666666666
75160,312.2195
75180,312.5528333333333
75200,312.8861666666666
75220,313.2195
75240,313.5528333333333
75260,313.8861666666666
75280,314.2195
75300,314.5528333333333
75320,314.8861666666666
75340,315.2195
75360,315.5528333333333
75380,315.8861666666666
75400,316.2195
75420,316.5528333333333
75440,316.8861666666666
75460,317.2195
75480,317.5528333333333
75500,317.8861666666666
75520,318.2195
75540,318.5528333333333
75560,318.8861666666666
75580,319.2195
75600,319.5528333333333
75620,319.8861666666666
75640,320.2195
75660,320.5528333333333
75680,320.8861666666666
75700,321.2195
75720,321.5528333333333
75740,321.8861666666666
75760,322.2195
75780,322.5528333333333
75800,322.8861666666666
75820,323.2195
75840,323.5528333333333
75860,323.8861666666666
75880,324.2195
75900,324.5528333333333
75920,324.8861666666666
75940,325.2195
75960,325.5528333333333
75980,325.8861666666666
76000,326.2195
76020,326.5528333333333
76040,326.8861666666666
76060,327.2195
76080,327.5528333333333
76100,327.8861666666666
76120,328.2195
76140,328.5528333333333
76160,328.8861666666666
76180,329.2195
76200,329.5528333333333
76220,329.8861666666666
76240,330.2195
76260,330.5528333333333
76280,330.8861666666666
76300,331.2195
76320,331.5528333333333
76340,331.8861666666666
76360,332.2195
76380,332.5528333333333
76400,332.8861666666666
76420,333.2195
76440,333.5528333333333
76460,333.8861666666666
76480,334.2195
76500,334.5528333333333
76520,334.8861666666666
76540,335.2195
76560,335.5528333333333
76580,335.8861666666666
76600,336.2195
76620,336.5528333333333
76640,336.8861666666666
76660,337.2195
76680,337.5528333333333
76700,337.8861666666666
76720,338.2195
76740,338.5528333333333
76760,338.8861666666666
76780,339.2195
76800,339.5528333333333
76820,339.8861666666666
76840,340.2195
76860,340.5528333333333
76880,340.8861666666666
76900,77.98753333333322
76920,78.32086666666655
76940,78.65419999999989
76960,78.98753333333322
76980,79.32086666666655
77000,79.65419999999989
77020,79.98753333333322
77040,80.32086666666655
77060,80.65419999999989
77080,80.98753333333322
77100,81.32086666666655
77120,81.65419999999989
77140,81.98753333333322
77160,82.32086666666655
77180,82.65419999999989
77200,82.98753333333322
77220,83.32086666666655
77240,83.65419999999989
77260,83.98753333333322
77280,84.32086666666655
77300,84.65419999999989
77320,84.98753333333322
77340,85.32086666666655
77360,85.65419999999989
77380,85.98753333333322
77400,86.32086666666655
77420,86.65419999999989
77440,86.98753333333322
77460,87.32086666666655
77480,87.65419999999989
77500,87.98753333333322
77520,88.32086666666655
77540,88.65419999999989
77560,88.98753333333322
77580,89.32086666666655
77600,89.65419999999989
77620,89.98753333333322
77640,90.32086666666655
77660,90.65419999999989
77680,90.98753333333322
77700,91.32086666666655
77720,91.65419999999989
77740,91.98753333333322
77760,92.32086666666655
77780,92.65419999999989
77800,92.98753333333322
77820,93.32086666666655
77840,93.65419999999989
77860,93.98753333333322
77880,94.32086666666655
77900,94.65419999999989
77920,94.98753333333322
77940,95.32086666666655
77960,95.65419999999989
77980,95.98753333333322
78000,96.32086666666655
78020,96.65419999999989
78040,96.98753333333322
78060,97.32086666666655
78080,97.65419999999989
78100,97.98753333333322
78120,98.32086666666655
78140,98.65419999999989
78160,98.98753333333322
78180,99.32086666666655
78200,99.65419999999989
78220,99.98753333333322
78240,100.32086666666655
78260,100.65419999999989
78280,100.98753333333322
78300,101.32086666666655
78320,101.65419999999989
78340,101.98753333333322
78360,102.32086666666655
78380,102.65419999999989
78400,102.98753333333322
78420,103.32086666666655
78440,103.65419999999989
78460,103.98753333333322
78480,104.32086666666655
78500,104.65419999999989
78520,104.98753333333322
78540,105.32086666666655
78560,105.65419999999989
78580,105.98753333333322
78600,106.32086666666655
78620,106.65419999999989
78640,106.98753333333322
78660,107.32086666666655
78680,107.65419999999989
78700,107.98753333333322
78720,108.32086666666655
78740,108.65419999999989
78760,108.98753333333322
78780,109.32086666666655
78800,109.65419999999989
78820,109.98753333333322
78840,110.32086666666655
78860,110.65419999999989
78880,110.98753333333322
78900,111.32086666666655
78920,111.65419999999989
78940,111.98753333333322
78960,112.32086666666655
78980,112.65419999999989
79000,112.98753333333322
79020,113.32086666666655
79040,113.65419999999989
79060,113.98753333333322
79080,114.32086666666655
79100,76.91566666666671
79120,77.24900000000004
79140,77.58233333333337
79160,77.91566666666671
79180,78.24900000000004
79200,55.860050000000044
79220,56.19338333333338
79240,56.526716666666715
79260,56.860050000000044
79280,57.19338333333338
